"id","family_id","service","date","created_on","updated_on"
"1","52","Medical Card","2023-06-19","2023-06-19 08:29:08",NULL
"2","52","Eid al-Adha Meat","2023-06-19","2023-06-19 08:29:36",NULL
"3","44","Eid al-Adha Meat","2023-06-19","2023-06-19 08:34:39",NULL
"4","120","Medical Card","2023-06-19","2023-06-19 09:01:03",NULL
"5","120","Eid al-Adha Meat","2023-06-19","2023-06-19 09:01:26",NULL
"6","238","Eid al-Adha Meat","2023-06-19","2023-06-19 09:02:30",NULL
"7","238","Medical Card","2023-06-19","2023-06-19 09:03:09",NULL
"8","21","Eid al-Adha Meat","2023-06-19","2023-06-19 09:03:54",NULL
"9","21","Medical Card","2023-06-19","2023-06-19 09:03:59",NULL
"10","105","Eid al-Adha Meat","2023-06-19","2023-06-19 09:05:23",NULL
"11","105","Medical Card","2023-06-19","2023-06-19 09:05:29",NULL
"12","86","Eid al-Adha Meat","2023-06-19","2023-06-19 09:06:34",NULL
"13","86","Medical Card","2023-06-19","2023-06-19 09:06:41",NULL
"14","180","Eid al-Adha Meat","2023-06-19","2023-06-19 09:08:57",NULL
"15","182","Eid al-Adha Meat","2023-06-19","2023-06-19 09:09:11",NULL
"16","244","Eid al-Adha Meat","2023-06-19","2023-06-19 09:10:26",NULL
"17","182","Medical Card","2023-06-19","2023-06-19 09:10:31",NULL
"18","149","Eid al-Adha Meat","2023-06-19","2023-06-19 09:11:39",NULL
"19","149","Medical Card","2023-06-19","2023-06-19 09:11:46",NULL
"20","243","Eid al-Adha Meat","2023-06-19","2023-06-19 09:12:25",NULL
"21","243","Medical Card","2023-06-19","2023-06-19 09:12:30",NULL
"22","239","Eid al-Adha Meat","2023-06-19","2023-06-19 09:13:11",NULL
"23","239","Medical Card","2023-06-19","2023-06-19 09:13:17",NULL
"24","151","Eid al-Adha Meat","2023-06-19","2023-06-19 09:14:12",NULL
"25","151","Medical Card","2023-06-19","2023-06-19 09:14:18",NULL
"26","154","Eid al-Adha Meat","2023-06-19","2023-06-19 09:14:36",NULL
"27","154","Medical Card","2023-06-19","2023-06-19 09:14:45",NULL
"28","178","Eid al-Adha Meat","2023-06-19","2023-06-19 09:16:06",NULL
"29","178","Medical Card","2023-06-19","2023-06-19 09:16:12",NULL
"30","96","Eid al-Adha Meat","2023-06-19","2023-06-19 09:16:47",NULL
"31","96","Medical Card","2023-06-19","2023-06-19 09:16:52",NULL
"32","33","Eid al-Adha Meat","2023-06-19","2023-06-19 09:17:45",NULL
"33","33","Medical Card","2023-06-19","2023-06-19 09:17:51",NULL
"34","175","Eid al-Adha Meat","2023-06-19","2023-06-19 09:18:55",NULL
"35","175","Medical Card","2023-06-19","2023-06-19 09:19:00",NULL
"36","32","Eid al-Adha Meat","2023-06-19","2023-06-19 09:20:07",NULL
"37","32","Medical Card","2023-06-19","2023-06-19 09:20:13",NULL
"38","176","Eid al-Adha Meat","2023-06-19","2023-06-19 09:20:48",NULL
"39","214","Eid al-Adha Meat","2023-06-19","2023-06-19 09:21:32",NULL
"40","214","Medical Card","2023-06-19","2023-06-19 09:21:37",NULL
"41","34","Eid al-Adha Meat","2023-06-19","2023-06-19 09:22:18",NULL
"42","34","Medical Card","2023-06-19","2023-06-19 09:22:22",NULL
"43","210","Eid al-Adha Meat","2023-06-19","2023-06-19 09:23:11",NULL
"44","210","Medical Card","2023-06-19","2023-06-19 09:23:17",NULL
"45","202","Eid al-Adha Meat","2023-06-19","2023-06-19 09:24:09",NULL
"46","202","Medical Card","2023-06-19","2023-06-19 09:24:14",NULL
"47","108","Eid al-Adha Meat","2023-06-19","2023-06-19 09:26:36",NULL
"48","108","Medical Card","2023-06-19","2023-06-19 09:26:41",NULL
"49","211","Eid al-Adha Meat","2023-06-19","2023-06-19 09:27:25",NULL
"50","81","Eid al-Adha Meat","2023-06-19","2023-06-19 09:28:16",NULL
"51","81","Medical Card","2023-06-19","2023-06-19 09:28:20",NULL
"52","80","Eid al-Adha Meat","2023-06-19","2023-06-19 09:28:54",NULL
"53","80","Medical Card","2023-06-19","2023-06-19 09:28:59",NULL
"54","94","Eid al-Adha Meat","2023-06-19","2023-06-19 09:31:51",NULL
"55","94","Medical Card","2023-06-19","2023-06-19 09:31:57",NULL
"56","95","Eid al-Adha Meat","2023-06-19","2023-06-19 09:32:11",NULL
"57","93","Eid al-Adha Meat","2023-06-19","2023-06-19 09:33:45",NULL
"58","93","Medical Card","2023-06-19","2023-06-19 09:33:49",NULL
"59","220","Eid al-Adha Meat","2023-06-19","2023-06-19 09:34:47",NULL
"60","220","Medical Card","2023-06-19","2023-06-19 09:34:52",NULL
"61","161","Medical Card","2023-06-19","2023-06-19 09:35:39",NULL
"62","161","Eid al-Adha Meat","2023-06-19","2023-06-19 09:35:43",NULL
"63","91","Eid al-Adha Meat","2023-06-19","2023-06-19 09:36:39",NULL
"64","91","Medical Card","2023-06-19","2023-06-19 09:36:44",NULL
"65","30","Eid al-Adha Meat","2023-06-19","2023-06-19 09:37:36",NULL
"66","30","Medical Card","2023-06-19","2023-06-19 09:37:42",NULL
"67","200","Eid al-Adha Meat","2023-06-19","2023-06-19 09:38:39",NULL
"68","200","Medical Card","2023-06-19","2023-06-19 09:38:44",NULL
"69","72","Medical Card","2023-06-19","2023-06-19 09:39:08",NULL
"70","72","Eid al-Adha Meat","2023-06-19","2023-06-19 09:39:13",NULL
"71","7","Eid al-Adha Meat","2023-06-19","2023-06-19 09:39:39",NULL
"72","7","Medical Card","2023-06-19","2023-06-19 09:39:43",NULL
"73","102","Eid al-Adha Meat","2023-06-19","2023-06-19 09:40:17",NULL
"74","102","Medical Card","2023-06-19","2023-06-19 09:40:24",NULL
"75","20","Eid al-Adha Meat","2023-06-19","2023-06-19 09:40:50",NULL
"76","20","Medical Card","2023-06-19","2023-06-19 09:40:55",NULL
"77","54","Eid al-Adha Meat","2023-06-19","2023-06-19 09:42:40",NULL
"78","159","Eid al-Adha Meat","2023-06-19","2023-06-19 09:42:58",NULL
"79","159","Medical Card","2023-06-19","2023-06-19 09:43:02",NULL
"80","217","Eid al-Adha Meat","2023-06-19","2023-06-19 09:43:42",NULL
"81","217","Medical Card","2023-06-19","2023-06-19 09:43:46",NULL
"82","160","Medical Card","2023-06-19","2023-06-19 09:44:05",NULL
"83","160","Eid al-Adha Meat","2023-06-19","2023-06-19 09:44:10",NULL
"84","179","Eid al-Adha Meat","2023-06-19","2023-06-19 09:45:31",NULL
"85","179","Medical Card","2023-06-19","2023-06-19 09:45:36",NULL
"86","75","Eid al-Adha Meat","2023-06-19","2023-06-19 09:46:06",NULL
"87","75","Medical Card","2023-06-19","2023-06-19 09:46:11",NULL
"88","48","Eid al-Adha Meat","2023-06-19","2023-06-19 09:46:52",NULL
"89","48","Medical Card","2023-06-19","2023-06-19 09:47:33",NULL
"90","49","Medical Card","2023-06-19","2023-06-19 09:47:58",NULL
"91","49","Eid al-Adha Meat","2023-06-19","2023-06-19 09:48:04",NULL
"92","229","Eid al-Adha Meat","2023-06-19","2023-06-19 09:48:46",NULL
"93","229","Medical Card","2023-06-19","2023-06-19 09:48:51",NULL
"94","37","Eid al-Adha Meat","2023-06-19","2023-06-19 09:49:17",NULL
"95","37","Medical Card","2023-06-19","2023-06-19 09:49:23",NULL
"96","166","Eid al-Adha Meat","2023-06-19","2023-06-19 09:49:55",NULL
"97","166","Medical Card","2023-06-19","2023-06-19 09:50:00",NULL
"98","19","Eid al-Adha Meat","2023-06-19","2023-06-19 09:50:39",NULL
"99","19","Medical Card","2023-06-19","2023-06-19 09:50:46",NULL
"100","173","Medical Card","2023-06-19","2023-06-19 09:51:23",NULL
"101","173","Eid al-Adha Meat","2023-06-19","2023-06-19 09:51:30",NULL
"102","114","Eid al-Adha Meat","2023-06-19","2023-06-19 09:52:28",NULL
"103","114","Medical Card","2023-06-19","2023-06-19 09:52:34",NULL
"104","97","Eid al-Adha Meat","2023-06-19","2023-06-19 09:53:09",NULL
"105","163","Eid al-Adha Meat","2023-06-19","2023-06-19 09:54:04",NULL
"106","163","Medical Card","2023-06-19","2023-06-19 09:54:09",NULL
"107","18","Eid al-Adha Meat","2023-06-19","2023-06-19 09:55:01",NULL
"108","18","Medical Card","2023-06-19","2023-06-19 09:55:09",NULL
"109","87","Eid al-Adha Meat","2023-06-19","2023-06-19 09:55:28",NULL
"110","87","Medical Card","2023-06-19","2023-06-19 09:55:33",NULL
"111","134","Eid al-Adha Meat","2023-06-19","2023-06-19 09:57:34",NULL
"112","134","Medical Card","2023-06-19","2023-06-19 09:57:39",NULL
"113","99","Eid al-Adha Meat","2023-06-19","2023-06-19 09:58:12",NULL
"114","99","Medical Card","2023-06-19","2023-06-19 09:58:18",NULL
"115","11","Eid al-Adha Meat","2023-06-19","2023-06-19 09:58:46",NULL
"116","11","Medical Card","2023-06-19","2023-06-19 09:58:51",NULL
"117","212","Medical Card","2023-06-19","2023-06-19 09:59:17",NULL
"118","212","Eid al-Adha Meat","2023-06-19","2023-06-19 09:59:22",NULL
"119","213","Eid al-Adha Meat","2023-06-19","2023-06-19 09:59:48",NULL
"120","213","Medical Card","2023-06-19","2023-06-19 09:59:54",NULL
"121","226","Eid al-Adha Meat","2023-06-19","2023-06-19 10:00:13",NULL
"122","226","Medical Card","2023-06-19","2023-06-19 10:00:18",NULL
"123","98","Eid al-Adha Meat","2023-06-19","2023-06-19 10:00:35",NULL
"124","98","Medical Card","2023-06-19","2023-06-19 10:00:41",NULL
"125","126","Medical Card","2023-06-19","2023-06-19 10:01:00",NULL
"126","126","Eid al-Adha Meat","2023-06-19","2023-06-19 10:01:05",NULL
"127","138","Medical Card","2023-06-19","2023-06-19 10:01:22",NULL
"128","138","Eid al-Adha Meat","2023-06-19","2023-06-19 10:01:27",NULL
"129","110","Medical Card","2023-06-19","2023-06-19 10:01:54",NULL
"130","110","Eid al-Adha Meat","2023-06-19","2023-06-19 10:01:59",NULL
"131","208","Medical Card","2023-06-19","2023-06-19 10:03:57",NULL
"132","208","Eid al-Adha Meat","2023-06-19","2023-06-19 10:04:03",NULL
"133","62","Eid al-Adha Meat","2023-06-19","2023-06-19 10:04:45",NULL
"134","62","Medical Card","2023-06-19","2023-06-19 10:04:49",NULL
"135","90","Medical Card","2023-06-19","2023-06-19 10:05:26",NULL
"136","90","Eid al-Adha Meat","2023-06-19","2023-06-19 10:05:30",NULL
"137","221","Medical Card","2023-06-19","2023-06-19 10:06:01",NULL
"138","221","Eid al-Adha Meat","2023-06-19","2023-06-19 10:06:05",NULL
"139","1","Medical Card","2023-06-19","2023-06-19 10:06:50",NULL
"140","1","Eid al-Adha Meat","2023-06-19","2023-06-19 10:06:55",NULL
"141","12","Eid al-Adha Meat","2023-06-19","2023-06-19 10:07:34",NULL
"142","12","Medical Card","2023-06-19","2023-06-19 10:07:39",NULL
"143","245","Medical Card","2023-06-19","2023-06-19 10:08:06",NULL
"144","245","Eid al-Adha Meat","2023-06-19","2023-06-19 10:08:11",NULL
"145","56","Medical Card","2023-06-19","2023-06-19 10:08:36",NULL
"146","56","Eid al-Adha Meat","2023-06-19","2023-06-19 10:08:41",NULL
"147","174","Eid al-Adha Meat","2023-06-19","2023-06-19 10:09:14",NULL
"148","174","Medical Card","2023-06-19","2023-06-19 10:09:50",NULL
"149","113","Eid al-Adha Meat","2023-06-19","2023-06-19 10:10:25",NULL
"150","113","Medical Card","2023-06-19","2023-06-19 10:10:31",NULL
"151","27","Eid al-Adha Meat","2023-06-19","2023-06-19 10:11:01",NULL
"152","27","Medical Card","2023-06-19","2023-06-19 10:11:05",NULL
"153","50","Eid al-Adha Meat","2023-06-19","2023-06-19 10:11:34",NULL
"154","50","Medical Card","2023-06-19","2023-06-19 10:11:39",NULL
"155","107","Eid al-Adha Meat","2023-06-19","2023-06-19 10:12:01",NULL
"156","107","Medical Card","2023-06-19","2023-06-19 10:12:07",NULL
"157","234","Eid al-Adha Meat","2023-06-19","2023-06-19 10:12:28",NULL
"158","234","Medical Card","2023-06-19","2023-06-19 10:12:34",NULL
"159","85","Medical Card","2023-06-19","2023-06-19 10:13:13",NULL
"160","85","Eid al-Adha Meat","2023-06-19","2023-06-19 10:13:18",NULL
"161","121","Medical Card","2023-06-19","2023-06-19 10:13:56",NULL
"162","121","Eid al-Adha Meat","2023-06-19","2023-06-19 10:14:02",NULL
"163","84","Medical Card","2023-06-19","2023-06-19 10:14:22",NULL
"164","84","Eid al-Adha Meat","2023-06-19","2023-06-19 10:14:27",NULL
"165","183","Medical Card","2023-06-19","2023-06-19 10:14:46",NULL
"166","183","Eid al-Adha Meat","2023-06-19","2023-06-19 10:14:50",NULL
"167","122","Medical Card","2023-06-19","2023-06-19 10:15:27",NULL
"168","122","Eid al-Adha Meat","2023-06-19","2023-06-19 10:15:31",NULL
"169","92","Medical Card","2023-06-19","2023-06-19 10:16:33",NULL
"170","92","Eid al-Adha Meat","2023-06-19","2023-06-19 10:16:38",NULL
"171","132","Medical Card","2023-06-19","2023-06-19 10:17:02",NULL
"172","132","Eid al-Adha Meat","2023-06-19","2023-06-19 10:17:07",NULL
"173","45","Medical Card","2023-06-19","2023-06-19 10:17:27",NULL
"174","45","Eid al-Adha Meat","2023-06-19","2023-06-19 10:17:32",NULL
"175","233","Medical Card","2023-06-19","2023-06-19 10:19:30",NULL
"176","233","Eid al-Adha Meat","2023-06-19","2023-06-19 10:19:33",NULL
"177","124","Eid al-Adha Meat","2023-06-19","2023-06-19 10:19:57",NULL
"178","124","Medical Card","2023-06-19","2023-06-19 10:20:02",NULL
"179","222","Eid al-Adha Meat","2023-06-19","2023-06-19 10:20:19",NULL
"180","222","Medical Card","2023-06-19","2023-06-19 10:20:25",NULL
"181","101","Medical Card","2023-06-19","2023-06-19 10:20:55",NULL
"182","101","Eid al-Adha Meat","2023-06-19","2023-06-19 10:20:59",NULL
"183","26","Medical Card","2023-06-19","2023-06-19 10:21:13",NULL
"184","26","Eid al-Adha Meat","2023-06-19","2023-06-19 10:21:18",NULL
"185","55","Medical Card","2023-06-19","2023-06-19 10:22:25",NULL
"186","55","Eid al-Adha Meat","2023-06-19","2023-06-19 10:22:29",NULL
"187","167","Medical Card","2023-06-19","2023-06-19 10:23:02",NULL
"188","167","Eid al-Adha Meat","2023-06-19","2023-06-19 10:23:06",NULL
"189","135","Eid al-Adha Meat","2023-06-19","2023-06-19 10:23:46",NULL
"190","135","Medical Card","2023-06-19","2023-06-19 10:23:51",NULL
"191","31","Eid al-Adha Meat","2023-06-19","2023-06-19 10:24:06",NULL
"192","31","Medical Card","2023-06-19","2023-06-19 10:24:11",NULL
"193","209","Eid al-Adha Meat","2023-06-19","2023-06-19 10:24:25",NULL
"194","236","Eid al-Adha Meat","2023-06-19","2023-06-19 10:25:03",NULL
"195","236","Medical Card","2023-06-19","2023-06-19 10:25:07",NULL
"196","23","Medical Card","2023-06-19","2023-06-19 10:25:23",NULL
"197","23","Eid al-Adha Meat","2023-06-19","2023-06-19 10:25:27",NULL
"198","35","Eid al-Adha Meat","2023-06-19","2023-06-19 10:25:46",NULL
"199","35","Medical Card","2023-06-19","2023-06-19 10:25:50",NULL
"200","156","Medical Card","2023-06-19","2023-06-19 10:26:13",NULL
"201","156","Eid al-Adha Meat","2023-06-19","2023-06-19 10:26:17",NULL
"202","230","Medical Card","2023-06-19","2023-06-19 10:26:35",NULL
"203","230","Eid al-Adha Meat","2023-06-19","2023-06-19 10:26:40",NULL
"204","139","Medical Card","2023-06-19","2023-06-19 10:27:05",NULL
"205","139","Eid al-Adha Meat","2023-06-19","2023-06-19 10:27:11",NULL
"206","139","Medical Card","2023-06-21","2023-06-19 10:27:23","2023-06-21 08:17:32"
"207","195","Eid al-Adha Meat","2023-06-19","2023-06-19 10:29:18",NULL
"208","195","Medical Card","2023-06-19","2023-06-19 10:29:22",NULL
"209","77","Eid al-Adha Meat","2023-06-19","2023-06-19 10:29:41",NULL
"210","77","Medical Card","2023-06-19","2023-06-19 10:29:46",NULL
"211","64","Medical Card","2023-06-19","2023-06-19 10:31:16",NULL
"212","64","Eid al-Adha Meat","2023-06-19","2023-06-19 10:31:20",NULL
"213","60","Medical Card","2023-06-19","2023-06-19 10:31:34",NULL
"214","60","Eid al-Adha Meat","2023-06-19","2023-06-19 10:32:24",NULL
"215","67","Medical Card","2023-06-19","2023-06-19 10:32:43",NULL
"216","67","Eid al-Adha Meat","2023-06-19","2023-06-19 10:32:47",NULL
"217","225","Medical Card","2023-06-19","2023-06-19 10:33:03",NULL
"218","225","Eid al-Adha Meat","2023-06-19","2023-06-19 10:33:09",NULL
"219","136","Eid al-Adha Meat","2023-06-19","2023-06-19 10:33:36",NULL
"220","136","Medical Card","2023-06-19","2023-06-19 10:33:40",NULL
"221","228","Medical Card","2023-06-19","2023-06-19 10:33:58",NULL
"222","228","Eid al-Adha Meat","2023-06-19","2023-06-19 10:34:03",NULL
"223","79","Eid al-Adha Meat","2023-06-19","2023-06-19 10:34:23",NULL
"224","79","Medical Card","2023-06-19","2023-06-19 10:34:28",NULL
"225","83","Medical Card","2023-06-19","2023-06-19 10:34:43",NULL
"226","83","Eid al-Adha Meat","2023-06-19","2023-06-19 10:34:47",NULL
"227","219","Medical Card","2023-06-19","2023-06-19 10:35:06",NULL
"228","219","Eid al-Adha Meat","2023-06-19","2023-06-19 10:35:11",NULL
"229","216","Medical Card","2023-06-19","2023-06-19 10:35:27",NULL
"230","216","Eid al-Adha Meat","2023-06-19","2023-06-19 10:35:31",NULL
"231","143","Eid al-Adha Meat","2023-06-19","2023-06-19 10:35:48",NULL
"232","143","Medical Card","2023-06-19","2023-06-19 10:35:52",NULL
"233","58","Eid al-Adha Meat","2023-06-19","2023-06-19 10:36:06",NULL
"234","58","Medical Card","2023-06-19","2023-06-19 10:36:12",NULL
"235","36","Medical Card","2023-06-19","2023-06-19 10:36:55",NULL
"236","36","Eid al-Adha Meat","2023-06-19","2023-06-19 10:36:59",NULL
"237","76","Medical Card","2023-06-19","2023-06-19 10:37:24",NULL
"238","76","Eid al-Adha Meat","2023-06-19","2023-06-19 10:37:30",NULL
"239","131","Eid al-Adha Meat","2023-06-19","2023-06-19 10:37:59",NULL
"240","131","Medical Card","2023-06-19","2023-06-19 10:38:06",NULL
"241","66","Medical Card","2023-06-19","2023-06-19 10:39:51",NULL
"242","66","Eid al-Adha Meat","2023-06-19","2023-06-19 10:39:56",NULL
"243","25","Medical Card","2023-06-19","2023-06-19 10:40:27",NULL
"244","25","Eid al-Adha Meat","2023-06-19","2023-06-19 10:40:31",NULL
"245","73","Eid al-Adha Meat","2023-06-19","2023-06-19 10:41:20",NULL
"246","129","Medical Card","2023-06-19","2023-06-19 10:41:43",NULL
"247","129","Eid al-Adha Meat","2023-06-19","2023-06-19 10:41:48",NULL
"248","88","Eid al-Adha Meat","2023-06-19","2023-06-19 10:42:20",NULL
"249","242","Medical Card","2023-06-19","2023-06-19 10:43:08",NULL
"250","242","Eid al-Adha Meat","2023-06-19","2023-06-19 10:43:13",NULL
"251","158","Eid al-Adha Meat","2023-06-19","2023-06-19 10:44:04",NULL
"252","68","Medical Card","2023-06-19","2023-06-19 10:45:15",NULL
"253","68","Eid al-Adha Meat","2023-06-19","2023-06-19 10:45:21",NULL
"254","65","Medical Card","2023-06-19","2023-06-19 10:46:14",NULL
"255","65","Eid al-Adha Meat","2023-06-19","2023-06-19 10:46:18",NULL
"256","204","Medical Card","2023-06-19","2023-06-19 10:46:57",NULL
"257","204","Eid al-Adha Meat","2023-06-19","2023-06-19 10:47:02",NULL
"258","164","Eid al-Adha Meat","2023-06-19","2023-06-19 10:48:19",NULL
"259","164","Medical Card","2023-06-19","2023-06-19 10:48:23",NULL
"260","189","Medical Card","2023-06-19","2023-06-19 10:49:03",NULL
"261","189","Eid al-Adha Meat","2023-06-19","2023-06-19 10:49:07",NULL
"262","123","Medical Card","2023-06-19","2023-06-19 10:49:52",NULL
"263","123","Eid al-Adha Meat","2023-06-19","2023-06-19 10:49:57",NULL
"264","111","Medical Card","2023-06-19","2023-06-19 10:50:19",NULL
"265","111","Eid al-Adha Meat","2023-06-19","2023-06-19 10:50:24",NULL
"266","190","Medical Card","2023-06-19","2023-06-19 10:53:56",NULL
"267","190","Eid al-Adha Meat","2023-06-19","2023-06-19 10:54:04",NULL
"268","241","Eid al-Adha Meat","2023-06-19","2023-06-19 10:55:16",NULL
"269","241","Medical Card","2023-06-19","2023-06-19 10:55:21",NULL
"270","240","Medical Card","2023-06-19","2023-06-19 10:55:41",NULL
"271","240","Eid al-Adha Meat","2023-06-19","2023-06-19 10:55:47",NULL
"272","192","Eid al-Adha Meat","2023-06-19","2023-06-19 10:56:25",NULL
"273","192","Medical Card","2023-06-19","2023-06-19 10:56:29",NULL
"274","181","Eid al-Adha Meat","2023-06-19","2023-06-19 10:58:00",NULL
"275","127","Medical Card","2023-06-19","2023-06-19 10:58:21",NULL
"276","127","Eid al-Adha Meat","2023-06-19","2023-06-19 10:58:25",NULL
"277","112","Eid al-Adha Meat","2023-06-19","2023-06-19 10:58:48",NULL
"278","112","Medical Card","2023-06-19","2023-06-19 10:58:52",NULL
"279","24","Medical Card","2023-06-19","2023-06-19 10:59:10",NULL
"280","24","Eid al-Adha Meat","2023-06-19","2023-06-19 10:59:15",NULL
"281","16","Medical Card","2023-06-19","2023-06-19 10:59:32",NULL
"282","16","Eid al-Adha Meat","2023-06-19","2023-06-19 10:59:36",NULL
"283","196","Medical Card","2023-06-19","2023-06-19 11:02:39",NULL
"284","196","Eid al-Adha Meat","2023-06-19","2023-06-19 11:02:44",NULL
"285","231","Medical Card","2023-06-19","2023-06-19 11:07:22",NULL
"286","231","Eid al-Adha Meat","2023-06-19","2023-06-19 11:07:26",NULL
"287","29","Medical Card","2023-06-19","2023-06-19 11:09:53",NULL
"288","29","Eid al-Adha Meat","2023-06-19","2023-06-19 11:09:59",NULL
"289","39","Medical Card","2023-06-19","2023-06-19 11:10:27",NULL
"290","39","Eid al-Adha Meat","2023-06-19","2023-06-19 11:10:31",NULL
"291","117","Medical Card","2023-06-19","2023-06-19 11:11:03",NULL
"292","117","Eid al-Adha Meat","2023-06-19","2023-06-19 11:11:07",NULL
"293","185","Medical Card","2023-06-19","2023-06-19 11:14:29",NULL
"294","185","Eid al-Adha Meat","2023-06-19","2023-06-19 11:14:34",NULL
"295","218","Medical Card","2023-06-19","2023-06-19 11:14:57",NULL
"296","218","Eid al-Adha Meat","2023-06-19","2023-06-19 11:15:04",NULL
"297","69","Eid al-Adha Meat","2023-06-19","2023-06-19 11:18:37",NULL
"298","22","Medical Card","2023-06-19","2023-06-19 11:29:49",NULL
"299","22","Eid al-Adha Meat","2023-06-19","2023-06-19 11:29:57",NULL
"300","43","Medical Card","2023-06-19","2023-06-19 11:32:47",NULL
"301","43","Eid al-Adha Meat","2023-06-19","2023-06-19 11:32:52",NULL
"302","46","Medical Card","2023-06-19","2023-06-19 11:58:20",NULL
"303","46","Eid al-Adha Meat","2023-06-19","2023-06-19 11:58:27",NULL
"304","201","Medical Card","2023-06-19","2023-06-19 12:00:20",NULL
"305","201","Eid al-Adha Meat","2023-06-19","2023-06-19 12:00:25",NULL
"306","38","Medical Card","2023-06-19","2023-06-19 12:00:56",NULL
"307","38","Eid al-Adha Meat","2023-06-19","2023-06-19 12:01:02",NULL
"308","187","Medical Card","2023-06-19","2023-06-19 12:11:46",NULL
"309","187","Eid al-Adha Meat","2023-06-19","2023-06-19 12:11:54",NULL
"310","40","Medical Card","2023-06-19","2023-06-19 12:13:25",NULL
"311","40","Eid al-Adha Meat","2023-06-19","2023-06-19 12:13:31",NULL
"312","63","Medical Card","2023-06-19","2023-06-19 12:20:14",NULL
"313","63","Eid al-Adha Meat","2023-06-19","2023-06-19 12:20:19",NULL
"314","237","Medical Card","2023-06-19","2023-06-19 12:20:27",NULL
"315","237","Eid al-Adha Meat","2023-06-19","2023-06-19 12:20:36",NULL
"316","141","Medical Card","2023-06-20","2023-06-20 08:15:05",NULL
"317","141","Eid al-Adha Meat","2023-06-20","2023-06-20 08:15:11",NULL
"318","169","Medical Card","2023-06-20","2023-06-20 08:27:15",NULL
"319","169","Eid al-Adha Meat","2023-06-20","2023-06-20 08:27:21",NULL
"320","193","Eid al-Adha Meat","2023-06-20","2023-06-20 08:28:52",NULL
"321","193","Medical Card","2023-06-20","2023-06-20 08:28:58",NULL
"322","51","Medical Card","2023-06-20","2023-06-20 08:55:17",NULL
"323","51","Eid al-Adha Meat","2023-06-20","2023-06-20 08:55:23",NULL
"324","194","Medical Card","2023-06-20","2023-06-20 08:58:26",NULL
"325","194","Eid al-Adha Meat","2023-06-20","2023-06-20 08:58:33",NULL
"326","115","Medical Card","2023-06-20","2023-06-20 09:06:05",NULL
"327","115","Eid al-Adha Meat","2023-06-20","2023-06-20 09:06:11",NULL
"328","232","Medical Card","2023-06-20","2023-06-20 09:06:58",NULL
"329","232","Eid al-Adha Meat","2023-06-20","2023-06-20 09:07:03",NULL
"330","147","Medical Card","2023-06-20","2023-06-20 09:08:00",NULL
"331","147","Eid al-Adha Meat","2023-06-20","2023-06-20 09:08:06",NULL
"332","28","Medical Card","2023-06-20","2023-06-20 09:09:12",NULL
"333","28","Eid al-Adha Meat","2023-06-20","2023-06-20 09:09:17",NULL
"334","53","Medical Card","2023-06-20","2023-06-20 09:13:15",NULL
"335","53","Eid al-Adha Meat","2023-06-20","2023-06-20 09:13:19",NULL
"336","144","Medical Card","2023-06-20","2023-06-20 09:16:02",NULL
"337","144","Eid al-Adha Meat","2023-06-20","2023-06-20 09:16:06",NULL
"338","177","Medical Card","2023-06-20","2023-06-20 09:25:46",NULL
"339","177","Eid al-Adha Meat","2023-06-20","2023-06-20 09:25:55",NULL
"340","224","Medical Card","2023-06-20","2023-06-20 09:26:44",NULL
"341","224","Eid al-Adha Meat","2023-06-20","2023-06-20 09:26:49",NULL
"342","223","Medical Card","2023-06-20","2023-06-20 09:27:47",NULL
"343","223","Eid al-Adha Meat","2023-06-20","2023-06-20 09:27:55",NULL
"344","41","Medical Card","2023-06-20","2023-06-20 09:30:09",NULL
"345","41","Eid al-Adha Meat","2023-06-20","2023-06-20 09:30:24",NULL
"346","41","Eid al-Adha Meat","2023-06-20","2023-06-20 09:30:24",NULL
"347","246","Medical Card","2023-06-20","2023-06-20 09:36:37",NULL
"348","246","Eid al-Adha Meat","2023-06-20","2023-06-20 09:37:37",NULL
"349","170","Eid al-Adha Meat","2023-06-20","2023-06-20 09:59:24",NULL
"350","170","Medical Card","2023-06-20","2023-06-20 09:59:49",NULL
"351","2","Eid al-Adha Meat","2023-06-20","2023-06-20 10:02:14",NULL
"352","2","Medical Card","2023-06-21","2023-06-20 10:02:14","2023-06-21 08:18:22"
"353","2","Medical Card","2023-06-20","2023-06-20 10:02:27",NULL
"354","9","Eid al-Adha Meat","2023-06-20","2023-06-20 10:06:22",NULL
"355","155","Medical Card","2023-06-20","2023-06-20 10:15:37",NULL
"356","155","Eid al-Adha Meat","2023-06-20","2023-06-20 10:15:44",NULL
"357","227","Medical Card","2023-06-20","2023-06-20 10:22:30",NULL
"358","227","Eid al-Adha Meat","2023-06-20","2023-06-20 10:22:37",NULL
"359","57","Medical Card","2023-06-20","2023-06-20 10:23:35",NULL
"360","57","Eid al-Adha Meat","2023-06-20","2023-06-20 10:23:41",NULL
"361","165","Medical Card","2023-06-20","2023-06-20 10:32:27",NULL
"362","170","Eid al-Adha Meat","2023-06-20","2023-06-20 10:32:35",NULL
"363","249","Medical Card","2023-06-20","2023-06-20 10:38:30",NULL
"364","249","Eid al-Adha Meat","2023-06-20","2023-06-20 10:38:39",NULL
"365","61","Medical Card","2023-06-20","2023-06-20 10:39:30",NULL
"366","61","Eid al-Adha Meat","2023-06-20","2023-06-20 10:39:35",NULL
"367","215","Medical Card","2023-06-20","2023-06-20 10:50:48",NULL
"368","215","Eid al-Adha Meat","2023-06-20","2023-06-20 10:50:56",NULL
"369","251","Medical Card","2023-06-20","2023-06-20 10:55:46",NULL
"370","251","Eid al-Adha Meat","2023-06-20","2023-06-20 10:55:52",NULL
"371","191","Medical Card","2023-06-20","2023-06-20 11:11:36",NULL
"372","191","Eid al-Adha Meat","2023-06-20","2023-06-20 11:11:45",NULL
"373","206","Medical Card","2023-06-20","2023-06-20 11:17:15",NULL
"374","206","Eid al-Adha Meat","2023-06-20","2023-06-20 11:17:23",NULL
"375","198","Eid al-Adha Meat","2023-06-20","2023-06-20 11:31:47",NULL
"376","146","Medical Card","2023-06-20","2023-06-20 12:23:10",NULL
"377","146","Eid al-Adha Meat","2023-06-20","2023-06-20 12:23:15",NULL
"378","252","Medical Card","2023-06-20","2023-06-20 12:28:38",NULL
"379","252","Eid al-Adha Meat","2023-06-20","2023-06-20 12:28:46",NULL
"380","171","Medical Card","2023-06-21","2023-06-21 08:11:19",NULL
"381","171","Eid al-Adha Meat","2023-06-21","2023-06-21 08:11:26",NULL
"382","172","Medical Card","2023-06-21","2023-06-21 08:21:02",NULL
"383","172","Eid al-Adha Meat","2023-06-21","2023-06-21 08:21:11",NULL
"384","233","Medical Card","2023-06-21","2023-06-21 09:45:56",NULL
"385","233","Eid al-Adha Meat","2023-06-21","2023-06-21 09:46:30",NULL
"386","109","Medical Card","2023-06-21","2023-06-21 10:25:23",NULL
"387","109","Eid al-Adha Meat","2023-06-21","2023-06-21 10:25:28",NULL
"388","207","Medical Card","2023-06-21","2023-06-21 10:31:53",NULL
"389","207","Medical Card","2023-06-21","2023-06-21 10:31:53",NULL
"390","207","Eid al-Adha Meat","2023-06-21","2023-06-21 10:32:00",NULL
"391","205","Eid al-Adha Meat","2023-06-22","2023-06-22 09:55:24",NULL
"392","203","Eid al-Adha Meat","2023-06-22","2023-06-22 09:56:21",NULL
"393","153","Eid al-Adha Meat","2023-06-22","2023-06-22 10:01:51",NULL
"394","153","Medical Card","2023-06-22","2023-06-22 10:02:39",NULL
"395","253","Medical Card","2023-06-23","2023-06-23 10:23:51",NULL
"396","253","Eid al-Adha Meat","2023-06-23","2023-06-23 10:23:56",NULL
"397","254","Medical Card","2023-06-23","2023-06-23 10:32:31",NULL
"398","254","Eid al-Adha Meat","2023-06-23","2023-06-23 10:32:40",NULL
"399","255","Medical Card","2023-06-26","2023-06-26 09:06:36",NULL
"400","255","Eid al-Adha Meat","2023-06-26","2023-06-26 09:07:12",NULL
"401","34","Eid al-Adha Meat","2023-07-08","2023-07-08 12:22:31",NULL
"402","28","Eid al-Adha Meat","2023-07-08","2023-07-08 12:34:43",NULL
"403","35","Eid al-Adha Meat","2023-07-08","2023-07-08 12:41:03",NULL
"404","36","Eid al-Adha Meat","2023-07-08","2023-07-08 12:41:32",NULL
"405","92","Eid al-Adha Meat","2023-07-08","2023-07-08 12:42:27",NULL
"406","33","Eid al-Adha Meat","2023-07-08","2023-07-08 12:43:58",NULL
"407","1","Eid al-Adha Meat","2023-07-08","2023-07-08 12:45:05",NULL
"408","2","Eid al-Adha Meat","2023-07-08","2023-07-08 12:45:36",NULL
"409","32","Eid al-Adha Meat","2023-07-08","2023-07-08 12:53:54",NULL
"410","7","Eid al-Adha Meat","2023-07-08","2023-07-08 12:54:56",NULL
"411","62","Eid al-Adha Meat","2023-07-08","2023-07-08 12:56:10",NULL
"412","62","Eid al-Adha Meat","2023-07-08","2023-07-08 12:56:26",NULL
"413","62","Eid al-Adha Meat","2023-07-08","2023-07-08 12:56:26",NULL
"414","62","Eid al-Adha Meat","2023-07-08","2023-07-08 12:56:26",NULL
"415","62","Eid al-Adha Meat","2023-07-08","2023-07-08 12:56:26",NULL
"416","62","Eid al-Adha Meat","2023-07-08","2023-07-08 12:56:26",NULL
"417","65","Eid al-Adha Meat","2023-07-08","2023-07-08 12:57:08",NULL
"418","84","Eid al-Adha Meat","2023-07-08","2023-07-08 12:58:03",NULL
"419","22","Eid al-Adha Meat","2023-07-08","2023-07-08 12:58:35",NULL
"420","21","Eid al-Adha Meat","2023-07-08","2023-07-08 12:59:10",NULL
"421","64","Eid al-Adha Meat","2023-07-08","2023-07-08 13:00:27",NULL
"422","96","Eid al-Adha Meat","2023-07-08","2023-07-08 13:01:07",NULL
"423","161","Eid al-Adha Meat","2023-07-08","2023-07-08 13:02:12",NULL
"424","99","Eid al-Adha Meat","2023-07-08","2023-07-08 13:02:44",NULL
"425","94","Eid al-Adha Meat","2023-07-08","2023-07-08 13:06:02",NULL
"426","95","Eid al-Adha Meat","2023-07-08","2023-07-08 13:06:50",NULL
"427","149","Eid al-Adha Meat","2023-07-08","2023-07-08 13:08:01",NULL
"428","107","Eid al-Adha Meat","2023-07-08","2023-07-08 13:08:22",NULL
"429","72","Eid al-Adha Meat","2023-07-08","2023-07-08 13:10:21",NULL
"430","109","Eid al-Adha Meat","2023-07-08","2023-07-08 13:15:47",NULL
"431","55","Eid al-Adha Meat","2023-07-08","2023-07-08 13:16:53",NULL
"432","105","Eid al-Adha Meat","2023-07-08","2023-07-08 13:17:39",NULL
"433","54","Eid al-Adha Meat","2023-07-08","2023-07-08 13:18:12",NULL
"434","108","Eid al-Adha Meat","2023-07-08","2023-07-08 13:18:16",NULL
"435","101","Eid al-Adha Meat","2023-07-08","2023-07-08 13:20:12",NULL
"436","58","Eid al-Adha Meat","2023-07-08","2023-07-08 13:20:48",NULL
"437","123","Eid al-Adha Meat","2023-07-08","2023-07-08 13:21:50",NULL
"438","111","Eid al-Adha Meat","2023-07-08","2023-07-08 13:22:16",NULL
"439","86","Eid al-Adha Meat","2023-07-08","2023-07-08 13:22:27",NULL
"440","124","Eid al-Adha Meat","2023-07-08","2023-07-08 13:23:41",NULL
"441","60","Eid al-Adha Meat","2023-07-08","2023-07-08 13:24:35",NULL
"442","147","Eid al-Adha Meat","2023-07-08","2023-07-08 13:27:02",NULL
"443","31","Eid al-Adha Meat","2023-07-08","2023-07-08 13:30:34",NULL
"444","87","Eid al-Adha Meat","2023-07-08","2023-07-08 13:35:37",NULL
"445","63","Eid al-Adha Meat","2023-07-08","2023-07-08 13:49:08",NULL
"446","160","Eid al-Adha Meat","2023-07-08","2023-07-08 13:57:12",NULL
"447","187","Eid al-Adha Meat","2023-07-08","2023-07-08 14:13:06",NULL
"448","141","Eid al-Adha Meat","2023-07-08","2023-07-08 14:14:11",NULL
"449","45","Eid al-Adha Meat","2023-07-08","2023-07-12 08:04:08",NULL
"450","26","Eid al-Adha Meat","2023-07-08","2023-07-12 08:04:51",NULL
"451","213","Eid al-Adha Meat","2023-07-08","2023-07-12 08:05:44",NULL
