"id","student_id","service","date","created_on","updated_on"
"2","1","Hair Treatment","2023-06-11","2023-06-11 10:20:07",NULL
"3","170","Hair Treatment","2023-05-17","2023-06-11 15:46:52",NULL
"4","45","Hair Treatment","2023-05-17","2023-06-11 15:47:22",NULL
"5","65","Hair Treatment","2023-05-17","2023-06-11 15:55:54",NULL
"6","139","Hair Treatment","2023-05-17","2023-06-11 15:56:25",NULL
"7","116","Hair Treatment","2023-05-17","2023-06-11 15:57:29",NULL
"8","13","Hair Treatment","2023-05-17","2023-06-11 15:58:05",NULL
"9","214","Hair Treatment","2023-05-17","2023-06-11 15:58:20",NULL
"10","70","Hair Treatment","2023-05-17","2023-06-11 15:59:18",NULL
"11","174","Hair Treatment","2023-05-17","2023-06-11 15:59:43",NULL
"12","11","Hair Treatment","2023-05-17","2023-06-11 16:00:00",NULL
"13","49","Hair Treatment","2023-05-17","2023-06-11 16:00:23",NULL
"14","63","Hair Treatment","2023-05-17","2023-06-11 16:00:43",NULL
"15","93","Hair Treatment","2023-05-17","2023-06-11 16:00:55",NULL
"16","144","Hair Treatment","2023-05-17","2023-06-11 16:02:33",NULL
"17","101","Hair Treatment","2023-05-17","2023-06-11 16:13:14",NULL
"18","11","Hair Treatment","2023-05-17","2023-06-11 16:13:47",NULL
"19","120","Hair Treatment","2023-05-17","2023-06-11 16:14:09",NULL
"20","144","Hair Treatment","2023-05-18","2023-06-11 16:14:45",NULL
"21","101","Hair Treatment","2023-05-18","2023-06-11 16:15:20",NULL
"22","44","Hair Treatment","2023-05-18","2023-06-11 16:15:35",NULL
"23","49","Hair Treatment","2023-05-18","2023-06-11 16:15:51",NULL
"24","139","Hair Treatment","2023-05-18","2023-06-11 16:17:06",NULL
"25","214","Hair Treatment","2023-05-18","2023-06-11 16:17:27",NULL
"26","65","Hair Treatment","2023-05-18","2023-06-11 16:17:45",NULL
"27","106","Hair Treatment","2023-05-18","2023-06-11 16:18:05",NULL
"28","170","Hair Treatment","2023-05-18","2023-06-11 16:19:22",NULL
"29","45","Hair Treatment","2023-05-18","2023-06-11 16:19:52",NULL
"30","174","Hair Treatment","2023-05-18","2023-06-11 16:20:09",NULL
"31","11","Hair Treatment","2023-05-18","2023-06-11 16:20:32",NULL
"32","63","Hair Treatment","2023-05-18","2023-06-11 16:20:53",NULL
"33","93","Hair Treatment","2023-05-18","2023-06-11 16:21:36",NULL
"34","70","Hair Treatment","2023-05-18","2023-06-11 16:22:10",NULL
"35","153","Hair Treatment","2023-05-19","2023-06-11 16:22:57",NULL
"36","152","Hair Treatment","2023-05-19","2023-06-11 16:23:28","2023-06-11 16:26:01"
"37","98","Hair Treatment","2023-05-19","2023-06-11 16:23:54","2023-06-11 16:26:13"
"38","63","Hair Treatment","2023-05-19","2023-06-11 16:24:17",NULL
"39","93","Hair Treatment","2023-05-19","2023-06-11 16:27:01",NULL
"40","97","Hair Treatment","2023-05-19","2023-06-11 16:27:17",NULL
"41","144","Hair Treatment","2023-05-19","2023-06-11 16:27:55",NULL
"42","101","Hair Treatment","2023-05-19","2023-06-11 16:28:14",NULL
"43","130","Hair Treatment","2023-05-19","2023-06-11 16:28:36",NULL
"44","65","Hair Treatment","2023-05-19","2023-06-11 16:28:55",NULL
"45","214","Hair Treatment","2023-05-19","2023-06-11 16:29:45",NULL
"46","139","Hair Treatment","2023-05-19","2023-06-11 16:30:12",NULL
"47","60","Hair Treatment","2023-05-19","2023-06-11 16:30:29",NULL
"48","45","Hair Treatment","2023-05-19","2023-06-11 16:30:52",NULL
"49","41","Hair Treatment","2023-05-19","2023-06-11 16:32:09",NULL
"50","174","Hair Treatment","2023-05-19","2023-06-11 17:22:03",NULL
"51","170","Hair Treatment","2023-05-19","2023-06-11 17:22:19",NULL
"52","49","Hair Treatment","2023-05-19","2023-06-11 17:22:37",NULL
"53","7","Hair Treatment","2023-05-19","2023-06-11 17:23:13",NULL
"54","44","Hair Treatment","2023-05-19","2023-06-11 17:23:36",NULL
"55","223","Hair Treatment","2023-05-19","2023-06-11 17:23:59",NULL
"56","279","Hair Treatment","2023-05-19","2023-06-11 17:24:21",NULL
"57","172","Hair Treatment","2023-05-19","2023-06-11 17:25:33",NULL
"58","85","Hair Treatment","2023-05-20","2023-06-11 17:25:57",NULL
"59","97","Hair Treatment","2023-05-20","2023-06-11 17:26:19",NULL
"60","144","Hair Treatment","2023-05-20","2023-06-11 17:26:57",NULL
"61","130","Hair Treatment","2023-05-20","2023-06-11 17:27:38",NULL
"62","71","Hair Treatment","2023-05-20","2023-06-11 17:29:05",NULL
"63","98","Hair Treatment","2023-05-20","2023-06-11 17:30:12",NULL
"64","96","Hair Treatment","2023-05-20","2023-06-11 17:31:05",NULL
"65","96","Hair Treatment","2023-05-20","2023-06-11 17:43:35",NULL
"66","93","Hair Treatment","2023-05-20","2023-06-11 17:44:02",NULL
"67","63","Hair Treatment","2023-05-20","2023-06-11 17:44:38",NULL
"68","65","Hair Treatment","2023-05-20","2023-06-11 17:44:57",NULL
"69","139","Hair Treatment","2023-05-20","2023-06-11 17:45:23",NULL
"70","60","Hair Treatment","2023-05-20","2023-06-11 17:46:04",NULL
"71","214","Hair Treatment","2023-05-20","2023-06-11 17:47:06",NULL
"72","120","Hair Treatment","2023-05-20","2023-06-11 17:47:26",NULL
"73","23","Hair Treatment","2023-05-20","2023-06-11 17:49:02",NULL
"74","41","Hair Treatment","2023-05-20","2023-06-11 17:49:25",NULL
"75","42","Hair Treatment","2023-05-20","2023-06-11 17:51:38",NULL
"76","139","Hair Treatment","2023-06-12","2023-06-12 11:56:31",NULL
"77","127","Hair Treatment","2023-06-12","2023-06-12 11:56:56",NULL
"78","11","Hair Treatment","2023-06-12","2023-06-12 11:57:13",NULL
"79","7","Hair Treatment","2023-06-12","2023-06-12 11:57:55",NULL
"80","81","Hair Treatment","2023-06-12","2023-06-12 11:58:16",NULL
"81","13","Hair Treatment","2023-06-12","2023-06-12 11:58:32",NULL
"82","63","Hair Treatment","2023-06-12","2023-06-12 11:58:54",NULL
"83","153","Hair Treatment","2023-06-12","2023-06-12 11:59:13",NULL
"84","85","Hair Treatment","2023-06-12","2023-06-12 11:59:43",NULL
"85","89","Hair Treatment","2023-06-12","2023-06-12 12:00:34",NULL
"86","12","Hair Treatment","2023-06-12","2023-06-12 12:01:57",NULL
"87","12","Hair Treatment","2023-06-12","2023-06-12 12:01:57",NULL
"88","196","Hair Treatment","2023-06-12","2023-06-12 12:02:16",NULL
"89","163","Hair Treatment","2023-06-12","2023-06-12 12:02:30",NULL
"90","144","Hair Treatment","2023-06-12","2023-06-12 12:02:46",NULL
"91","130","Hair Treatment","2023-06-12","2023-06-12 12:03:01",NULL
"92","80","Hair Treatment","2023-06-12","2023-06-12 12:03:40",NULL
"93","111","Hair Treatment","2023-06-12","2023-06-12 12:03:58",NULL
"94","155","Hair Treatment","2023-06-12","2023-06-12 12:04:13",NULL
"95","32","Hair Treatment","2023-06-12","2023-06-12 12:04:36",NULL
"96","148","Hair Treatment","2023-06-12","2023-06-12 12:05:37",NULL
"97","48","Hair Treatment","2023-05-20","2023-06-13 08:19:48",NULL
"98","174","Hair Treatment","2023-05-20","2023-06-13 08:20:12",NULL
"99","49","Hair Treatment","2023-05-20","2023-06-13 08:20:29",NULL
"100","85","Hair Treatment","2023-05-22","2023-06-13 08:20:51",NULL
"101","97","Hair Treatment","2023-05-22","2023-06-13 08:21:09",NULL
"102","71","Hair Treatment","2023-05-22","2023-06-13 08:21:49",NULL
"103","130","Hair Treatment","2023-05-22","2023-06-13 08:22:07",NULL
"104","96","Hair Treatment","2023-05-22","2023-06-13 08:22:24",NULL
"105","101","Hair Treatment","2023-05-22","2023-06-13 08:22:47",NULL
"106","152","Hair Treatment","2023-05-22","2023-06-13 08:23:04",NULL
"107","63","Hair Treatment","2023-05-22","2023-06-13 08:23:25",NULL
"108","45","Hair Treatment","2023-05-22","2023-06-13 08:23:42",NULL
"109","45","Hair Treatment","2023-05-22","2023-06-13 08:24:02",NULL
"110","37","Hair Treatment","2023-05-22","2023-06-13 08:24:20",NULL
"111","42","Hair Treatment","2023-05-22","2023-06-13 08:24:36",NULL
"112","41","Hair Treatment","2023-05-22","2023-06-13 08:24:53",NULL
"113","11","Hair Treatment","2023-05-22","2023-06-13 08:25:31",NULL
"114","43","Hair Treatment","2023-05-22","2023-06-13 08:25:53",NULL
"115","70","Hair Treatment","2023-05-22","2023-06-13 08:26:17",NULL
"116","123","Hair Treatment","2023-05-22","2023-06-13 08:26:41",NULL
"117","44","Hair Treatment","2023-05-22","2023-06-13 08:27:08",NULL
"118","13","Hair Treatment","2023-05-22","2023-06-13 08:28:08",NULL
"119","183","Hair Treatment","2023-05-22","2023-06-13 08:28:34",NULL
"120","223","Hair Treatment","2023-05-22","2023-06-13 08:28:53",NULL
"121","202","Hair Treatment","2023-05-22","2023-06-13 08:29:11",NULL
"122","180","Hair Treatment","2023-05-23","2023-06-13 08:31:33",NULL
"123","96","Hair Treatment","2023-05-23","2023-06-13 08:31:48",NULL
"124","63","Hair Treatment","2023-05-23","2023-06-13 08:34:39",NULL
"125","97","Hair Treatment","2023-05-23","2023-06-13 08:34:48",NULL
"126","130","Hair Treatment","2023-05-23","2023-06-13 08:34:59",NULL
"127","144","Hair Treatment","2023-05-23","2023-06-13 08:35:13",NULL
"128","71","Hair Treatment","2023-05-23","2023-06-13 08:35:23",NULL
"129","101","Hair Treatment","2023-05-23","2023-06-13 08:35:36",NULL
"130","10","Hair Treatment","2023-05-23","2023-06-13 08:37:54",NULL
"131","42","Hair Treatment","2023-05-23","2023-06-13 08:38:01",NULL
"132","37","Hair Treatment","2023-05-23","2023-06-13 08:38:19",NULL
"133","51","Hair Treatment","2023-05-23","2023-06-13 08:38:31",NULL
"134","127","Hair Treatment","2023-05-23","2023-06-13 08:38:42",NULL
"135","46","Hair Treatment","2023-05-23","2023-06-13 08:38:50",NULL
"136","11","Hair Treatment","2023-05-23","2023-06-13 08:39:03",NULL
"137","40","Hair Treatment","2023-05-23","2023-06-13 08:39:16",NULL
"138","11","Hair Treatment","2023-05-23","2023-06-13 08:39:24",NULL
"139","139","Hair Treatment","2023-05-23","2023-06-13 08:39:34",NULL
"140","89","Hair Treatment","2023-05-23","2023-06-13 08:39:42",NULL
"141","7","Hair Treatment","2023-05-23","2023-06-13 08:40:20",NULL
"142","205","Hair Treatment","2023-05-24","2023-06-13 08:45:06",NULL
"143","209","Hair Treatment","2023-05-24","2023-06-13 08:45:14",NULL
"144","201","Hair Treatment","2023-05-24","2023-06-13 08:45:21",NULL
"145","101","Hair Treatment","2023-05-24","2023-06-13 08:45:32",NULL
"146","144","Hair Treatment","2023-05-24","2023-06-13 08:45:41",NULL
"147","63","Hair Treatment","2023-05-24","2023-06-13 08:45:48",NULL
"148","127","Hair Treatment","2023-05-24","2023-06-13 08:46:02",NULL
"149","40","Hair Treatment","2023-05-24","2023-06-13 08:46:09",NULL
"150","11","Hair Treatment","2023-05-24","2023-06-13 08:46:16",NULL
"151","49","Hair Treatment","2023-05-24","2023-06-13 08:46:28",NULL
"152","7","Hair Treatment","2023-05-24","2023-06-13 08:48:53",NULL
"153","172","Hair Treatment","2023-05-24","2023-06-13 08:49:00",NULL
"154","194","Hair Treatment","2023-05-24","2023-06-13 08:49:08",NULL
"155","226","Hair Treatment","2023-05-24","2023-06-13 08:49:18",NULL
"156","238","Hair Treatment","2023-05-24","2023-06-13 08:49:30",NULL
"157","281","Hair Treatment","2023-05-24","2023-06-13 08:49:38",NULL
"158","280","Hair Treatment","2023-05-24","2023-06-13 08:49:46",NULL
"159","229","Hair Treatment","2023-05-24","2023-06-13 08:49:57",NULL
"160","269","Hair Treatment","2023-05-24","2023-06-13 08:50:05",NULL
"161","236","Hair Treatment","2023-05-24","2023-06-13 08:50:13",NULL
"162","251","Hair Treatment","2023-05-24","2023-06-13 08:50:23",NULL
"163","194","Hair Treatment","2023-05-25","2023-06-13 08:58:52",NULL
"164","193","Hair Treatment","2023-05-25","2023-06-13 08:59:01",NULL
"165","191","Hair Treatment","2023-05-25","2023-06-13 08:59:08",NULL
"166","172","Hair Treatment","2023-05-25","2023-06-13 08:59:18",NULL
"167","183","Hair Treatment","2023-05-25","2023-06-13 09:00:30",NULL
"168","223","Hair Treatment","2023-05-25","2023-06-13 09:00:42",NULL
"169","238","Hair Treatment","2023-05-25","2023-06-13 09:00:49",NULL
"170","281","Hair Treatment","2023-05-25","2023-06-13 09:00:56",NULL
"171","236","Hair Treatment","2023-05-25","2023-06-13 09:01:04",NULL
"172","279","Hair Treatment","2023-06-13","2023-06-13 09:01:18","2023-06-13 09:05:04"
"173","233","Hair Treatment","2023-05-25","2023-06-13 09:01:39",NULL
"174","230","Hair Treatment","2023-05-25","2023-06-13 09:01:48",NULL
"175","280","Hair Treatment","2023-05-25","2023-06-13 09:01:55",NULL
"176","298","Hair Treatment","2023-05-25","2023-06-13 09:02:03",NULL
"177","226","Hair Treatment","2023-05-25","2023-06-13 09:02:16",NULL
"178","272","Hair Treatment","2023-05-25","2023-06-13 09:02:30",NULL
"179","237","Hair Treatment","2023-05-25","2023-06-13 09:02:37",NULL
"180","251","Hair Treatment","2023-05-25","2023-06-13 09:02:48",NULL
"181","249","Hair Treatment","2023-05-25","2023-06-13 09:02:57",NULL
"182","193","Hair Treatment","2023-05-26","2023-06-13 09:11:03",NULL
"183","191","Hair Treatment","2023-05-26","2023-06-13 09:11:11",NULL
"184","183","Hair Treatment","2023-05-26","2023-06-13 09:11:22",NULL
"185","223","Hair Treatment","2023-05-26","2023-06-13 09:11:28",NULL
"186","202","Hair Treatment","2023-05-26","2023-06-13 09:11:36",NULL
"187","281","Hair Treatment","2023-05-26","2023-06-13 09:11:45",NULL
"188","236","Hair Treatment","2023-05-26","2023-06-13 09:11:54",NULL
"189","279","Hair Treatment","2023-05-26","2023-06-13 09:13:56",NULL
"190","251","Hair Treatment","2023-05-26","2023-06-13 09:14:04",NULL
"191","233","Hair Treatment","2023-05-26","2023-06-13 09:14:11",NULL
"192","225","Hair Treatment","2023-05-26","2023-06-13 09:14:18",NULL
"193","239","Hair Treatment","2023-05-26","2023-06-13 09:14:24",NULL
"194","272","Hair Treatment","2023-05-26","2023-06-13 09:14:32",NULL
"195","249","Hair Treatment","2023-05-26","2023-06-13 09:14:39",NULL
"196","258","Hair Treatment","2023-05-26","2023-06-13 09:14:48",NULL
"197","268","Hair Treatment","2023-05-26","2023-06-13 09:16:53",NULL
"198","275","Hair Treatment","2023-05-26","2023-06-13 09:17:02",NULL
"199","257","Hair Treatment","2023-05-26","2023-06-13 09:17:12",NULL
"200","238","Hair Treatment","2023-05-26","2023-06-13 09:17:20",NULL
"201","229","Hair Treatment","2023-05-26","2023-06-13 09:17:30",NULL
"202","200","Hair Treatment","2023-05-27","2023-06-13 09:20:34",NULL
"203","223","Hair Treatment","2023-05-27","2023-06-13 09:20:44",NULL
"204","193","Hair Treatment","2023-05-27","2023-06-13 09:20:51",NULL
"205","183","Hair Treatment","2023-05-27","2023-06-13 09:21:01",NULL
"206","191","Hair Treatment","2023-05-27","2023-06-13 09:21:13",NULL
"207","275","Hair Treatment","2023-05-27","2023-06-13 09:21:20",NULL
"208","247","Hair Treatment","2023-05-27","2023-06-13 09:21:28",NULL
"209","199","Hair Treatment","2023-05-27","2023-06-13 09:28:35",NULL
"210","218","Hair Treatment","2023-05-27","2023-06-13 09:28:45",NULL
"211","226","Hair Treatment","2023-05-27","2023-06-13 09:28:52",NULL
"212","272","Hair Treatment","2023-05-27","2023-06-13 09:28:59",NULL
"213","230","Hair Treatment","2023-05-27","2023-06-13 09:29:07",NULL
"214","233","Hair Treatment","2023-05-27","2023-06-13 09:29:14",NULL
"215","279","Hair Treatment","2023-05-27","2023-06-13 09:29:25",NULL
"216","236","Hair Treatment","2023-05-27","2023-06-13 09:29:35",NULL
"217","229","Hair Treatment","2023-05-27","2023-06-13 09:29:43",NULL
"218","269","Hair Treatment","2023-05-27","2023-06-13 09:29:54",NULL
"219","251","Hair Treatment","2023-05-27","2023-06-13 09:30:04",NULL
"220","228","Hair Treatment","2023-05-27","2023-06-13 09:30:13",NULL
"221","258","Hair Treatment","2023-05-27","2023-06-13 09:30:23",NULL
"222","127","Hair Treatment","2023-05-29","2023-06-13 09:31:57",NULL
"223","40","Hair Treatment","2023-05-29","2023-06-13 09:32:11",NULL
"224","174","Hair Treatment","2023-05-29","2023-06-13 09:32:19",NULL
"225","11","Hair Treatment","2023-05-29","2023-06-13 09:32:33",NULL
"226","70","Hair Treatment","2023-05-29","2023-06-13 09:32:44",NULL
"227","13","Hair Treatment","2023-05-30","2023-06-13 09:34:16",NULL
"228","81","Hair Treatment","2023-05-30","2023-06-13 09:34:24",NULL
"229","3","Hair Treatment","2023-05-30","2023-06-13 09:34:32",NULL
"230","196","Hair Treatment","2023-05-30","2023-06-13 09:34:39",NULL
"231","49","Hair Treatment","2023-05-30","2023-06-13 09:34:50",NULL
"232","70","Hair Treatment","2023-05-30","2023-06-13 09:35:07",NULL
"233","45","Hair Treatment","2023-05-30","2023-06-13 09:35:16",NULL
"234","110","Hair Treatment","2023-05-30","2023-06-13 09:37:06",NULL
"235","174","Hair Treatment","2023-05-30","2023-06-13 09:37:12",NULL
"236","56","Hair Treatment","2023-05-30","2023-06-13 09:37:22",NULL
"237","130","Hair Treatment","2023-05-30","2023-06-13 09:37:30",NULL
"238","153","Hair Treatment","2023-05-30","2023-06-13 09:37:37",NULL
"239","63","Hair Treatment","2023-05-30","2023-06-13 09:37:44",NULL
"240","101","Hair Treatment","2023-05-30","2023-06-13 09:37:51",NULL
"241","156","Hair Treatment","2023-05-30","2023-06-13 09:37:58",NULL
"242","180","Hair Treatment","2023-05-30","2023-06-13 09:38:05",NULL
"243","153","Hair Treatment","2023-05-31","2023-06-13 09:39:52",NULL
"244","144","Hair Treatment","2023-05-31","2023-06-13 09:39:59",NULL
"245","130","Hair Treatment","2023-05-31","2023-06-13 09:40:07",NULL
"246","101","Hair Treatment","2023-05-31","2023-06-13 09:40:15",NULL
"247","63","Hair Treatment","2023-05-31","2023-06-13 09:40:21",NULL
"248","96","Hair Treatment","2023-05-31","2023-06-13 09:40:28",NULL
"249","65","Hair Treatment","2023-05-31","2023-06-13 09:41:30",NULL
"250","42","Hair Treatment","2023-05-31","2023-06-13 09:41:37",NULL
"251","127","Hair Treatment","2023-05-31","2023-06-13 09:41:43",NULL
"252","11","Hair Treatment","2023-05-31","2023-06-13 09:41:49",NULL
"253","23","Hair Treatment","2023-05-31","2023-06-13 09:41:59",NULL
"254","174","Hair Treatment","2023-05-31","2023-06-13 09:42:13",NULL
"255","45","Hair Treatment","2023-05-31","2023-06-13 09:43:47",NULL
"256","40","Hair Treatment","2023-05-31","2023-06-13 09:43:53",NULL
"257","123","Hair Treatment","2023-05-31","2023-06-13 09:44:03",NULL
"258","142","Hair Treatment","2023-05-31","2023-06-13 09:44:12",NULL
"259","120","Hair Treatment","2023-05-31","2023-06-13 09:44:23",NULL
"260","139","Hair Treatment","2023-05-31","2023-06-13 09:44:29",NULL
"261","60","Hair Treatment","2023-05-31","2023-06-13 09:44:36",NULL
"262","81","Hair Treatment","2023-05-31","2023-06-13 09:44:44",NULL
"263","133","Hair Treatment","2023-06-01","2023-06-13 09:46:18",NULL
"264","81","Hair Treatment","2023-06-01","2023-06-13 09:46:28",NULL
"265","163","Hair Treatment","2023-06-01","2023-06-13 09:46:43",NULL
"266","163","Hair Treatment","2023-06-01","2023-06-13 09:46:44",NULL
"267","49","Hair Treatment","2023-06-01","2023-06-13 09:46:56",NULL
"268","139","Hair Treatment","2023-06-01","2023-06-13 09:47:42",NULL
"269","139","Hair Treatment","2023-06-01","2023-06-13 09:47:43",NULL
"270","41","Hair Treatment","2023-06-01","2023-06-13 09:49:24",NULL
"271","45","Hair Treatment","2023-06-01","2023-06-13 09:49:31",NULL
"272","110","Hair Treatment","2023-06-01","2023-06-13 09:49:38",NULL
"273","46","Hair Treatment","2023-06-01","2023-06-13 09:49:45",NULL
"274","156","Hair Treatment","2023-06-01","2023-06-13 09:49:51",NULL
"275","155","Hair Treatment","2023-06-01","2023-06-13 09:49:59",NULL
"276","62","Hair Treatment","2023-06-01","2023-06-13 09:51:55",NULL
"277","92","Hair Treatment","2023-06-01","2023-06-13 09:52:03",NULL
"278","80","Hair Treatment","2023-06-01","2023-06-13 09:52:09",NULL
"279","183","Hair Treatment","2023-06-01","2023-06-13 09:52:16",NULL
"280","172","Hair Treatment","2023-06-01","2023-06-13 09:52:22",NULL
"281","218","Hair Treatment","2023-06-01","2023-06-13 09:52:29",NULL
"282","222","Hair Treatment","2023-06-01","2023-06-13 09:52:37",NULL
"283","199","Hair Treatment","2023-06-01","2023-06-13 09:52:46",NULL
"284","37","Hair Treatment","2023-06-02","2023-06-13 09:55:49",NULL
"285","110","Hair Treatment","2023-06-02","2023-06-13 09:55:55",NULL
"286","41","Hair Treatment","2023-06-02","2023-06-13 09:56:03",NULL
"287","39","Hair Treatment","2023-06-02","2023-06-13 09:56:11",NULL
"288","21","Hair Treatment","2023-06-02","2023-06-13 09:56:18",NULL
"289","60","Hair Treatment","2023-06-02","2023-06-13 09:56:24",NULL
"290","104","Hair Treatment","2023-06-02","2023-06-13 09:56:32",NULL
"291","142","Hair Treatment","2023-06-02","2023-06-13 09:56:42",NULL
"292","29","Hair Treatment","2023-06-02","2023-06-13 09:56:49",NULL
"293","65","Hair Treatment","2023-06-02","2023-06-13 09:57:59",NULL
"294","120","Hair Treatment","2023-06-02","2023-06-13 09:58:07",NULL
"295","126","Hair Treatment","2023-06-02","2023-06-13 09:58:18",NULL
"296","256","Hair Treatment","2023-06-03","2023-06-13 10:01:05",NULL
"297","226","Hair Treatment","2023-06-03","2023-06-13 10:01:15",NULL
"298","225","Hair Treatment","2023-06-03","2023-06-13 10:01:21",NULL
"299","245","Hair Treatment","2023-06-03","2023-06-13 10:01:34",NULL
"300","233","Hair Treatment","2023-06-03","2023-06-13 10:01:42",NULL
"301","232","Hair Treatment","2023-06-03","2023-06-13 10:01:49",NULL
"302","229","Hair Treatment","2023-06-03","2023-06-13 10:01:56",NULL
"303","252","Hair Treatment","2023-06-03","2023-06-13 10:02:19",NULL
"304","230","Hair Treatment","2023-06-03","2023-06-13 10:02:28",NULL
"305","279","Hair Treatment","2023-06-03","2023-06-13 10:02:37",NULL
"306","194","Hair Treatment","2023-06-03","2023-06-13 10:05:25",NULL
"307","198","Hair Treatment","2023-06-03","2023-06-13 10:05:38",NULL
"308","169","Hair Treatment","2023-06-03","2023-06-13 10:05:51",NULL
"309","223","Hair Treatment","2023-06-03","2023-06-13 10:06:06",NULL
"310","222","Hair Treatment","2023-06-03","2023-06-13 10:06:23",NULL
"311","7","Hair Treatment","2023-06-03","2023-06-13 10:06:38",NULL
"312","133","Hair Treatment","2023-06-03","2023-06-13 10:06:53",NULL
"313","8","Hair Treatment","2023-06-03","2023-06-13 10:07:04",NULL
"314","13","Hair Treatment","2023-06-03","2023-06-13 10:07:12",NULL
"315","10","Hair Treatment","2023-06-03","2023-06-13 10:07:27",NULL
"316","246","Hair Treatment","2023-06-05","2023-06-13 10:11:42",NULL
"317","258","Hair Treatment","2023-06-05","2023-06-13 10:11:52",NULL
"318","249","Hair Treatment","2023-06-05","2023-06-13 10:12:00",NULL
"319","233","Hair Treatment","2023-06-05","2023-06-13 10:12:08",NULL
"320","248","Hair Treatment","2023-06-05","2023-06-13 10:12:16",NULL
"321","256","Hair Treatment","2023-06-05","2023-06-13 10:12:27",NULL
"322","257","Hair Treatment","2023-06-05","2023-06-13 10:15:42",NULL
"323","237","Hair Treatment","2023-06-05","2023-06-13 10:15:48",NULL
"324","275","Hair Treatment","2023-06-05","2023-06-13 10:15:57",NULL
"325","245","Hair Treatment","2023-06-05","2023-06-13 10:16:04",NULL
"326","80","Hair Treatment","2023-06-05","2023-06-13 10:16:11",NULL
"327","155","Hair Treatment","2023-06-05","2023-06-13 10:16:19",NULL
"328","148","Hair Treatment","2023-06-05","2023-06-13 10:18:42",NULL
"329","32","Hair Treatment","2023-06-05","2023-06-13 10:18:49",NULL
"330","80","Hair Treatment","2023-06-05","2023-06-13 10:19:04",NULL
"331","116","Hair Treatment","2023-06-05","2023-06-13 10:19:12",NULL
"332","85","Hair Treatment","2023-06-05","2023-06-13 10:19:19",NULL
"333","63","Hair Treatment","2023-06-05","2023-06-13 10:19:29",NULL
"334","82","Hair Treatment","2023-06-05","2023-06-13 10:19:36",NULL
"335","71","Hair Treatment","2023-06-05","2023-06-13 10:19:44",NULL
"336","48","Hair Treatment","2023-06-06","2023-06-13 10:24:30",NULL
"337","246","Hair Treatment","2023-06-06","2023-06-13 10:24:37",NULL
"338","256","Hair Treatment","2023-06-06","2023-06-13 10:24:47",NULL
"339","279","Hair Treatment","2023-06-06","2023-06-13 10:24:54",NULL
"340","268","Hair Treatment","2023-06-06","2023-06-13 10:25:02",NULL
"341","277","Hair Treatment","2023-06-06","2023-06-13 10:25:09",NULL
"342","233","Hair Treatment","2023-06-06","2023-06-13 10:25:19",NULL
"343","229","Hair Treatment","2023-06-06","2023-06-13 10:25:27",NULL
"344","225","Hair Treatment","2023-06-06","2023-06-13 10:25:39",NULL
"345","269","Hair Treatment","2023-06-06","2023-06-13 10:25:49",NULL
"346","208","Hair Treatment","2023-06-06","2023-06-13 10:29:04",NULL
"347","194","Hair Treatment","2023-06-06","2023-06-13 10:29:11",NULL
"348","216","Hair Treatment","2023-06-06","2023-06-13 10:29:23",NULL
"349","218","Hair Treatment","2023-06-06","2023-06-13 10:29:31",NULL
"350","211","Hair Treatment","2023-06-06","2023-06-13 10:29:38",NULL
"351","214","Hair Treatment","2023-06-06","2023-06-13 10:29:50",NULL
"352","224","Hair Treatment","2023-06-06","2023-06-13 10:29:58",NULL
"353","134","Hair Treatment","2023-06-06","2023-06-13 10:30:05",NULL
"354","23","Hair Treatment","2023-06-06","2023-06-13 10:30:12",NULL
"355","120","Hair Treatment","2023-06-06","2023-06-13 10:30:32",NULL
"356","277","Hair Treatment","2023-06-07","2023-06-13 10:35:42",NULL
"357","269","Hair Treatment","2023-06-07","2023-06-13 10:36:19",NULL
"358","279","Hair Treatment","2023-06-07","2023-06-13 10:36:28",NULL
"359","275","Hair Treatment","2023-06-07","2023-06-13 10:36:45",NULL
"360","280","Hair Treatment","2023-06-07","2023-06-13 10:36:54",NULL
"361","226","Hair Treatment","2023-06-07","2023-06-13 10:37:04",NULL
"362","245","Hair Treatment","2023-06-07","2023-06-13 10:37:12",NULL
"363","258","Hair Treatment","2023-06-07","2023-06-13 10:37:20",NULL
"364","274","Hair Treatment","2023-06-07","2023-06-13 10:37:27",NULL
"365","251","Hair Treatment","2023-06-07","2023-06-13 10:37:35",NULL
"366","193","Hair Treatment","2023-06-07","2023-06-13 10:37:43",NULL
"367","65","Hair Treatment","2023-06-07","2023-06-13 10:37:50",NULL
"368","23","Hair Treatment","2023-06-07","2023-06-13 10:40:13",NULL
"369","214","Hair Treatment","2023-06-07","2023-06-13 10:40:22",NULL
"370","104","Hair Treatment","2023-06-07","2023-06-13 10:40:34",NULL
"371","208","Hair Treatment","2023-06-07","2023-06-13 10:40:41",NULL
"372","247","Hair Treatment","2023-06-07","2023-06-13 10:40:48",NULL
"373","267","Hair Treatment","2023-06-07","2023-06-13 10:40:55",NULL
"374","211","Hair Treatment","2023-06-07","2023-06-13 10:41:21",NULL
"375","28","Hair Treatment","2023-06-07","2023-06-13 10:41:31",NULL
"376","85","Hair Treatment","2023-06-08","2023-06-13 10:43:53",NULL
"377","63","Hair Treatment","2023-06-08","2023-06-13 10:44:07",NULL
"378","119","Hair Treatment","2023-06-08","2023-06-13 10:44:13",NULL
"379","71","Hair Treatment","2023-06-08","2023-06-13 10:44:21",NULL
"380","152","Hair Treatment","2023-06-08","2023-06-13 10:44:30",NULL
"381","110","Hair Treatment","2023-06-08","2023-06-13 10:44:37",NULL
"382","139","Hair Treatment","2023-06-08","2023-06-13 10:44:47",NULL
"383","11","Hair Treatment","2023-06-08","2023-06-13 10:47:34",NULL
"384","21","Hair Treatment","2023-06-08","2023-06-13 10:47:41",NULL
"385","54","Hair Treatment","2023-06-08","2023-06-13 10:47:48",NULL
"386","111","Hair Treatment","2023-06-08","2023-06-13 10:47:56",NULL
"387","96","Hair Treatment","2023-06-08","2023-06-13 10:48:03",NULL
"388","156","Hair Treatment","2023-06-08","2023-06-13 10:48:09",NULL
"389","101","Hair Treatment","2023-06-08","2023-06-13 10:48:16",NULL
"390","32","Hair Treatment","2023-06-08","2023-06-13 10:48:25",NULL
"391","251","Hair Treatment","2023-06-08","2023-06-13 10:50:12",NULL
"392","269","Hair Treatment","2023-06-08","2023-06-13 10:50:22",NULL
"393","280","Hair Treatment","2023-06-08","2023-06-13 10:50:29",NULL
"394","281","Hair Treatment","2023-06-08","2023-06-13 10:50:36",NULL
"395","226","Hair Treatment","2023-06-08","2023-06-13 10:50:44",NULL
"396","281","Hair Treatment","2023-06-09","2023-06-13 10:53:31",NULL
"397","237","Hair Treatment","2023-06-09","2023-06-13 10:53:40",NULL
"398","81","Hair Treatment","2023-06-09","2023-06-13 10:53:48",NULL
"399","49","Hair Treatment","2023-06-09","2023-06-13 10:53:59",NULL
"400","161","Hair Treatment","2023-06-09","2023-06-13 10:54:07",NULL
"401","10","Hair Treatment","2023-06-09","2023-06-13 10:54:17",NULL
"402","13","Hair Treatment","2023-06-09","2023-06-13 10:54:24",NULL
"403","110","Hair Treatment","2023-06-09","2023-06-13 10:57:53",NULL
"404","139","Hair Treatment","2023-06-09","2023-06-13 10:57:58",NULL
"405","11","Hair Treatment","2023-06-09","2023-06-13 10:58:04",NULL
"406","205","Hair Treatment","2023-06-09","2023-06-13 10:58:12",NULL
"407","172","Hair Treatment","2023-06-09","2023-06-13 10:58:19",NULL
"408","193","Hair Treatment","2023-06-09","2023-06-13 10:58:26",NULL
"409","200","Hair Treatment","2023-06-09","2023-06-13 10:58:34",NULL
"410","202","Hair Treatment","2023-06-09","2023-06-13 10:58:41",NULL
"411","214","Hair Treatment","2023-06-09","2023-06-13 10:58:48",NULL
"412","120","Hair Treatment","2023-06-09","2023-06-13 10:58:56",NULL
"413","28","Hair Treatment","2023-06-09","2023-06-13 10:59:04",NULL
"414","53","Hair Treatment","2023-06-09","2023-06-13 10:59:11",NULL
"415","178","Hair Treatment","2023-06-09","2023-06-13 10:59:19",NULL
"416","214","Hair Treatment","2023-06-10","2023-06-13 11:02:41",NULL
"417","65","Hair Treatment","2023-06-10","2023-06-13 11:02:48",NULL
"418","224","Hair Treatment","2023-06-10","2023-06-13 11:02:55",NULL
"419","142","Hair Treatment","2023-06-10","2023-06-13 11:03:03",NULL
"420","120","Hair Treatment","2023-06-10","2023-06-13 11:03:11",NULL
"421","101","Hair Treatment","2023-06-10","2023-06-13 11:03:18",NULL
"422","155","Hair Treatment","2023-06-10","2023-06-13 11:03:26",NULL
"423","62","Hair Treatment","2023-06-10","2023-06-13 11:03:33",NULL
"424","32","Hair Treatment","2023-06-10","2023-06-13 11:03:42",NULL
"425","156","Hair Treatment","2023-06-10","2023-06-13 11:03:49",NULL
"426","130","Hair Treatment","2023-06-10","2023-06-13 11:03:58",NULL
"427","152","Hair Treatment","2023-06-10","2023-06-13 11:05:17",NULL
"428","63","Hair Treatment","2023-06-10","2023-06-13 11:05:24",NULL
"429","144","Hair Treatment","2023-06-10","2023-06-13 11:05:30",NULL
"430","88","Hair Treatment","2023-06-10","2023-06-13 11:05:38",NULL
"431","139","Hair Treatment","2023-06-10","2023-06-13 11:05:46",NULL
"432","41","Hair Treatment","2023-06-10","2023-06-13 11:05:53",NULL
"433","139","Hair Treatment","2023-06-12","2023-06-13 11:08:52",NULL
"434","127","Hair Treatment","2023-06-12","2023-06-13 11:08:59",NULL
"435","89","Hair Treatment","2023-06-12","2023-06-13 11:09:05",NULL
"436","11","Hair Treatment","2023-06-12","2023-06-13 11:09:12",NULL
"437","7","Hair Treatment","2023-06-12","2023-06-13 11:09:18",NULL
"438","196","Hair Treatment","2023-06-12","2023-06-13 11:09:24",NULL
"439","81","Hair Treatment","2023-06-12","2023-06-13 11:09:31",NULL
"440","13","Hair Treatment","2023-06-12","2023-06-13 11:09:39",NULL
"441","163","Hair Treatment","2023-06-12","2023-06-13 11:09:47",NULL
"442","12","Hair Treatment","2023-06-12","2023-06-13 11:12:03",NULL
"443","144","Hair Treatment","2023-06-12","2023-06-13 11:15:05",NULL
"444","63","Hair Treatment","2023-06-12","2023-06-13 11:15:13",NULL
"445","153","Hair Treatment","2023-06-12","2023-06-13 11:15:22",NULL
"446","130","Hair Treatment","2023-06-12","2023-06-13 11:15:29",NULL
"447","85","Hair Treatment","2023-06-12","2023-06-13 11:15:40",NULL
"448","80","Hair Treatment","2023-06-12","2023-06-13 11:15:48",NULL
"449","111","Hair Treatment","2023-06-12","2023-06-13 11:15:55",NULL
"450","155","Hair Treatment","2023-06-12","2023-06-13 11:16:03",NULL
"451","32","Hair Treatment","2023-06-12","2023-06-13 11:16:10",NULL
"452","148","Hair Treatment","2023-06-12","2023-06-13 11:16:17",NULL
"453","120","Hair Treatment","2023-06-13","2023-06-13 11:52:12",NULL
"454","104","Hair Treatment","2023-06-13","2023-06-13 11:52:17",NULL
"455","125","Hair Treatment","2023-06-13","2023-06-13 11:52:25",NULL
"456","178","Hair Treatment","2023-06-13","2023-06-13 11:52:30",NULL
"457","132","Hair Treatment","2023-06-13","2023-06-13 11:52:36",NULL
"458","130","Hair Treatment","2023-06-13","2023-06-13 11:52:42",NULL
"459","63","Hair Treatment","2023-06-13","2023-06-13 11:52:47",NULL
"460","49","Hair Treatment","2023-06-13","2023-06-13 11:52:53",NULL
"461","7","Hair Treatment","2023-06-13","2023-06-13 11:52:58",NULL
"462","10","Hair Treatment","2023-06-13","2023-06-13 11:53:08",NULL
"463","281","Hair Treatment","2023-06-13","2023-06-13 11:55:07",NULL
"464","251","Hair Treatment","2023-06-13","2023-06-13 11:55:12",NULL
"465","193","Hair Treatment","2023-06-13","2023-06-13 11:55:17",NULL
"466","223","Hair Treatment","2023-06-13","2023-06-13 11:55:24",NULL
"467","217","Hair Treatment","2023-06-13","2023-06-13 11:55:29",NULL
"468","170","Hair Treatment","2023-06-13","2023-06-13 11:55:35",NULL
"469","139","Hair Treatment","2023-06-13","2023-06-13 11:55:41",NULL
"470","127","Hair Treatment","2023-06-13","2023-06-13 11:55:47",NULL
"471","70","Hair Treatment","2023-06-13","2023-06-13 11:55:52",NULL
"472","41","Hair Treatment","2023-06-13","2023-06-13 11:55:59",NULL
"473","1","Hair Treatment","2023-06-19","2023-06-19 11:52:11",NULL
"474","7","Hair Treatment","2023-06-19","2023-06-19 11:52:17",NULL
"475","10","Hair Treatment","2023-06-19","2023-06-19 11:52:25",NULL
"476","63","Hair Treatment","2023-06-19","2023-06-19 11:52:31",NULL
"477","130","Hair Treatment","2023-06-19","2023-06-19 11:52:37",NULL
"478","281","Hair Treatment","2023-06-19","2023-06-19 11:52:43",NULL
"479","279","Hair Treatment","2023-06-19","2023-06-19 11:52:49",NULL
"480","183","Hair Treatment","2023-06-19","2023-06-19 11:52:55",NULL
"481","193","Hair Treatment","2023-06-19","2023-06-19 11:53:00",NULL
"482","223","Hair Treatment","2023-06-19","2023-06-19 11:53:09",NULL
"483","110","Hair Treatment","2023-06-19","2023-06-19 11:55:10",NULL
"484","170","Hair Treatment","2023-06-19","2023-06-19 11:55:16",NULL
"485","139","Hair Treatment","2023-06-19","2023-06-19 11:55:23",NULL
"486","41","Hair Treatment","2023-06-19","2023-06-19 11:55:28",NULL
"487","70","Hair Treatment","2023-06-19","2023-06-19 11:55:32",NULL
"488","28","Hair Treatment","2023-06-19","2023-06-19 11:55:38",NULL
"489","23","Hair Treatment","2023-06-19","2023-06-19 11:55:43",NULL
"490","120","Hair Treatment","2023-06-19","2023-06-19 11:55:49",NULL
"491","125","Hair Treatment","2023-06-19","2023-06-19 11:55:55",NULL
"492","142","Hair Treatment","2023-06-19","2023-06-19 11:56:01",NULL
"493","81","Hair Treatment","2023-06-20","2023-06-20 12:14:24",NULL
"494","7","Hair Treatment","2023-06-20","2023-06-20 12:14:37",NULL
"495","63","Hair Treatment","2023-06-20","2023-06-20 12:14:44",NULL
"496","144","Hair Treatment","2023-06-20","2023-06-20 12:14:50",NULL
"497","130","Hair Treatment","2023-06-20","2023-06-20 12:15:18",NULL
"498","193","Hair Treatment","2023-06-20","2023-06-20 12:15:24",NULL
"499","223","Hair Treatment","2023-06-20","2023-06-20 12:15:29",NULL
"500","183","Hair Treatment","2023-06-20","2023-06-20 12:15:35",NULL
"501","281","Hair Treatment","2023-06-20","2023-06-20 12:15:43",NULL
"502","279","Hair Treatment","2023-06-20","2023-06-20 12:15:51",NULL
"503","251","Hair Treatment","2023-06-20","2023-06-20 12:16:00",NULL
"504","70","Hair Treatment","2023-06-20","2023-06-20 12:21:36",NULL
"505","139","Hair Treatment","2023-06-20","2023-06-20 12:21:42",NULL
"506","170","Hair Treatment","2023-06-20","2023-06-20 12:21:47",NULL
"507","110","Hair Treatment","2023-06-20","2023-06-20 12:21:52",NULL
"508","41","Hair Treatment","2023-06-20","2023-06-20 12:21:57",NULL
"509","23","Hair Treatment","2023-06-20","2023-06-20 12:22:02",NULL
"510","214","Hair Treatment","2023-06-20","2023-06-20 12:22:09",NULL
"511","125","Hair Treatment","2023-06-20","2023-06-20 12:22:16",NULL
"512","120","Hair Treatment","2023-06-20","2023-06-20 12:22:22",NULL
"513","63","Hair Treatment","2023-06-21","2023-06-21 12:37:29",NULL
"514","130","Hair Treatment","2023-06-21","2023-06-21 12:37:34",NULL
"515","101","Hair Treatment","2023-06-21","2023-06-21 12:37:41",NULL
"516","180","Hair Treatment","2023-06-21","2023-06-21 12:37:46",NULL
"517","153","Hair Treatment","2023-06-21","2023-06-21 12:37:51",NULL
"518","139","Hair Treatment","2023-06-21","2023-06-21 12:37:57",NULL
"519","110","Hair Treatment","2023-06-21","2023-06-21 12:38:02",NULL
"520","41","Hair Treatment","2023-06-21","2023-06-21 12:38:08",NULL
"521","45","Hair Treatment","2023-06-21","2023-06-21 12:38:14",NULL
"522","42","Hair Treatment","2023-06-21","2023-06-21 12:38:21",NULL
"523","223","Hair Treatment","2023-06-21","2023-06-21 12:41:10",NULL
"524","223","Hair Treatment","2023-06-21","2023-06-21 12:41:11",NULL
"525","183","Hair Treatment","2023-06-21","2023-06-21 12:41:16",NULL
"526","172","Hair Treatment","2023-06-21","2023-06-21 12:41:27",NULL
"527","172","Hair Treatment","2023-06-21","2023-06-21 12:41:28",NULL
"528","251","Hair Treatment","2023-06-21","2023-06-21 12:41:34",NULL
"529","279","Hair Treatment","2023-06-21","2023-06-21 12:41:42",NULL
"530","178","Hair Treatment","2023-06-21","2023-06-21 12:41:49",NULL
"531","132","Hair Treatment","2023-06-21","2023-06-21 12:41:57",NULL
"532","156","Hair Treatment","2023-06-21","2023-06-21 12:42:05",NULL
"533","80","Hair Treatment","2023-06-21","2023-06-21 12:42:16",NULL
"534","97","Hair Treatment","2023-06-21","2023-06-21 12:42:24",NULL
"535","183","Hair Treatment","2023-06-23","2023-06-23 12:07:15",NULL
"536","181","Hair Treatment","2023-06-23","2023-06-23 12:07:21",NULL
"537","194","Hair Treatment","2023-06-23","2023-06-23 12:07:26",NULL
"538","211","Hair Treatment","2023-06-23","2023-06-23 12:07:31",NULL
"539","247","Hair Treatment","2023-06-23","2023-06-23 12:07:36",NULL
"540","51","Hair Treatment","2023-06-23","2023-06-23 12:07:41",NULL
"541","21","Hair Treatment","2023-06-23","2023-06-23 12:07:46",NULL
"542","139","Hair Treatment","2023-06-23","2023-06-23 12:07:50",NULL
"543","41","Hair Treatment","2023-06-23","2023-06-23 12:08:03",NULL
"544","89","Hair Treatment","2023-06-23","2023-06-23 12:08:09",NULL
"545","142","Hair Treatment","2023-06-23","2023-06-23 12:12:55",NULL
"546","214","Hair Treatment","2023-06-23","2023-06-23 12:13:04",NULL
"547","56","Hair Treatment","2023-06-23","2023-06-23 12:13:10",NULL
"548","125","Hair Treatment","2023-06-23","2023-06-23 12:13:17",NULL
"549","120","Hair Treatment","2023-06-23","2023-06-23 12:13:22",NULL
"550","96","Hair Treatment","2023-06-23","2023-06-23 12:13:28",NULL
"551","155","Hair Treatment","2023-06-23","2023-06-23 12:13:34",NULL
"552","97","Hair Treatment","2023-06-23","2023-06-23 12:13:40",NULL
"553","111","Hair Treatment","2023-06-23","2023-06-23 12:13:46",NULL
"554","148","Hair Treatment","2023-06-23","2023-06-23 12:13:51",NULL
"555","88","Hair Treatment","2023-07-10","2023-07-13 12:02:20",NULL
"556","153","Hair Treatment","2023-07-10","2023-07-13 12:02:27",NULL
"557","85","Hair Treatment","2023-07-10","2023-07-13 12:02:36",NULL
"558","82","Hair Treatment","2023-07-10","2023-07-13 12:02:43",NULL
"559","114","Hair Treatment","2023-07-10","2023-07-13 12:02:52",NULL
"560","23","Hair Treatment","2023-07-10","2023-07-13 12:02:59",NULL
"561","214","Hair Treatment","2023-07-10","2023-07-13 12:03:07",NULL
"562","28","Hair Treatment","2023-07-10","2023-07-13 12:03:13",NULL
"563","65","Hair Treatment","2023-07-10","2023-07-13 12:03:22",NULL
"564","257","Hair Treatment","2023-07-10","2023-07-13 12:03:30",NULL
"565","245","Hair Treatment","2023-07-10","2023-07-13 12:03:38",NULL
"566","216","Hair Treatment","2023-07-10","2023-07-13 12:03:59",NULL
"567","247","Hair Treatment","2023-07-10","2023-07-13 12:04:06",NULL
"568","222","Hair Treatment","2023-07-10","2023-07-13 12:04:14",NULL
"569","41","Hair Treatment","2023-07-10","2023-07-13 12:04:21",NULL
"570","21","Hair Treatment","2023-07-10","2023-07-13 12:04:29",NULL
"571","48","Hair Treatment","2023-07-10","2023-07-13 12:04:37",NULL
"572","179","Hair Treatment","2023-07-10","2023-07-13 12:04:48",NULL
"573","170","Hair Treatment","2023-07-10","2023-07-13 12:05:00",NULL
"574","144","Hair Treatment","2023-07-10","2023-07-13 12:05:30",NULL
"575","257","Hair Treatment","2023-07-12","2023-07-13 12:08:50",NULL
"576","245","Hair Treatment","2023-07-12","2023-07-13 12:09:59",NULL
"577","280","Hair Treatment","2023-07-12","2023-07-13 12:10:11",NULL
"578","193","Hair Treatment","2023-07-12","2023-07-13 12:10:19",NULL
"579","172","Hair Treatment","2023-07-12","2023-07-13 12:10:26",NULL
"580","144","Hair Treatment","2023-07-12","2023-07-13 12:10:33",NULL
"581","130","Hair Treatment","2023-07-12","2023-07-13 12:10:40",NULL
"582","85","Hair Treatment","2023-07-12","2023-07-13 12:10:47",NULL
"583","120","Hair Treatment","2023-07-12","2023-07-13 12:10:56",NULL
"584","23","Hair Treatment","2023-07-12","2023-07-13 12:11:05",NULL
"585","65","Hair Treatment","2023-07-12","2023-07-13 12:11:12",NULL
"586","214","Hair Treatment","2023-07-12","2023-07-13 12:11:19",NULL
"587","127","Hair Treatment","2023-07-12","2023-07-13 12:11:26",NULL
"588","48","Hair Treatment","2023-07-12","2023-07-13 12:11:33",NULL
"589","41","Hair Treatment","2023-07-12","2023-07-13 12:11:42",NULL
"590","96","Hair Treatment","2023-07-12","2023-07-13 12:11:51",NULL
"591","148","Hair Treatment","2023-07-12","2023-07-13 12:12:00",NULL
"592","10","Hair Treatment","2023-07-12","2023-07-13 12:12:13",NULL
"593","161","Hair Treatment","2023-07-12","2023-07-13 12:12:21",NULL
"594","101","Hair Treatment","2023-07-12","2023-07-13 12:12:30",NULL
"595","245","Hair Treatment","2023-07-13","2023-07-13 12:15:13",NULL
"596","280","Hair Treatment","2023-07-13","2023-07-13 12:15:18",NULL
"597","257","Hair Treatment","2023-07-13","2023-07-13 12:15:22",NULL
"598","120","Hair Treatment","2023-07-13","2023-07-13 12:15:31",NULL
"599","65","Hair Treatment","2023-07-13","2023-07-13 12:15:37",NULL
"600","214","Hair Treatment","2023-07-13","2023-07-13 12:15:43",NULL
"601","23","Hair Treatment","2023-07-13","2023-07-13 12:17:30",NULL
"602","41","Hair Treatment","2023-07-13","2023-07-13 12:17:36",NULL
"603","96","Hair Treatment","2023-07-13","2023-07-13 12:17:43",NULL
"604","101","Hair Treatment","2023-07-13","2023-07-13 12:17:52",NULL
"605","156","Hair Treatment","2023-07-13","2023-07-13 12:18:00",NULL
"606","144","Hair Treatment","2023-07-13","2023-07-13 12:18:06",NULL
"607","130","Hair Treatment","2023-07-13","2023-07-13 12:18:22",NULL
"608","172","Hair Treatment","2023-07-13","2023-07-13 12:18:39",NULL
"609","193","Hair Treatment","2023-07-13","2023-07-13 12:18:48",NULL
"610","193","Hair Treatment","2023-07-14","2023-07-14 11:57:36",NULL
"611","223","Hair Treatment","2023-07-14","2023-07-14 11:57:42",NULL
"612","183","Hair Treatment","2023-07-14","2023-07-14 11:57:47",NULL
"613","280","Hair Treatment","2023-07-14","2023-07-14 11:57:52",NULL
"614","230","Hair Treatment","2023-07-14","2023-07-14 11:58:02",NULL
"615","63","Hair Treatment","2023-07-14","2023-07-14 11:58:06",NULL
"616","85","Hair Treatment","2023-07-14","2023-07-14 11:59:08",NULL
"617","130","Hair Treatment","2023-07-14","2023-07-14 11:59:15",NULL
"618","71","Hair Treatment","2023-07-14","2023-07-14 11:59:24",NULL
"619","41","Hair Treatment","2023-07-14","2023-07-14 11:59:29",NULL
"620","81","Hair Treatment","2023-07-14","2023-07-14 11:59:36",NULL
"621","49","Hair Treatment","2023-07-14","2023-07-14 11:59:41",NULL
"622","10","Hair Treatment","2023-07-14","2023-07-14 11:59:48",NULL
"623","23","Hair Treatment","2023-07-14","2023-07-14 11:59:54",NULL
"624","214","Hair Treatment","2023-07-14","2023-07-14 12:00:02",NULL
"625","65","Hair Treatment","2023-07-14","2023-07-14 12:00:11",NULL
"626","169","Uniform","2023-07-15","2023-07-15 09:02:58",NULL
"627","183","Uniform","2023-07-15","2023-07-15 09:03:47",NULL
"628","199","Uniform","2023-07-15","2023-07-15 09:04:15",NULL
"629","207","Uniform","2023-07-15","2023-07-15 09:04:43",NULL
"630","212","Uniform","2023-07-15","2023-07-15 09:06:07",NULL
"631","218","Uniform","2023-07-15","2023-07-15 09:06:34",NULL
"632","223","Uniform","2023-07-15","2023-07-15 09:07:03",NULL
"633","267","Uniform","2023-07-15","2023-07-15 09:07:34",NULL
"634","172","Uniform","2023-07-15","2023-07-15 09:07:55",NULL
"635","185","Uniform","2023-07-15","2023-07-15 09:08:13",NULL
"636","200","Uniform","2023-07-15","2023-07-15 09:08:33",NULL
"637","208","Uniform","2023-07-15","2023-07-15 09:08:53",NULL
"638","215","Uniform","2023-07-15","2023-07-15 09:09:22",NULL
"639","194","Uniform","2023-07-15","2023-07-15 09:24:13",NULL
"640","204","Uniform","2023-07-15","2023-07-15 09:24:43",NULL
"641","219","Uniform","2023-07-15","2023-07-15 09:26:27","2023-07-15 09:27:45"
"642","247","Uniform","2023-07-15","2023-07-15 09:29:04",NULL
"643","278","Uniform","2023-07-15","2023-07-15 09:29:26",NULL
"644","173","Uniform","2023-07-15","2023-07-15 09:29:48",NULL
"645","186","Uniform","2023-07-15","2023-07-15 09:30:10",NULL
"646","197","Uniform","2023-07-15","2023-07-15 09:30:36",NULL
"647","201","Uniform","2023-07-15","2023-07-15 09:30:56",NULL
"648","205","Uniform","2023-07-15","2023-07-15 09:33:29",NULL
"649","209","Uniform","2023-07-15","2023-07-15 09:33:34",NULL
"650","216","Uniform","2023-07-15","2023-07-15 09:33:40",NULL
"651","221","Uniform","2023-07-15","2023-07-15 09:33:46",NULL
"652","263","Uniform","2023-07-15","2023-07-15 09:33:52",NULL
"653","181","Uniform","2023-07-15","2023-07-15 09:33:58",NULL
"654","198","Uniform","2023-07-15","2023-07-15 09:34:04",NULL
"655","202","Uniform","2023-07-15","2023-07-15 09:34:10",NULL
"656","206","Uniform","2023-07-15","2023-07-15 09:34:15",NULL
"657","211","Uniform","2023-07-15","2023-07-15 09:34:20",NULL
"658","222","Uniform","2023-07-15","2023-07-15 09:34:26",NULL
"659","264","Uniform","2023-07-15","2023-07-15 09:34:31",NULL
